date,high,low,open,close,volume,prob_up,predicted_return_5_bar,predicted_return_10_bar,ensemble_score,signal,position
2024-08-05,212.0597055615941,194.6777624827749,197.74691336614487,207.85824584960938,119548600.0,0.2992134,0.017664745,0.017664745,0.15843907,1,1
2024-08-06,208.5733757245506,199.7135534430835,203.91501287026546,205.8319854736328,69660500.0,0.25711617,0.021909697,0.021909697,0.13951293,1,1
2024-08-07,212.19873196746155,204.9976422316476,205.5041961914404,208.40451049804688,63516400.0,0.4005087,0.012433506,0.012433506,0.20647112,1,1
2024-08-08,212.75499762550604,207.42122864939222,211.67235443417223,211.87100219726562,47161100.0,0.52500457,0.00427188,0.00427188,0.26463822,1,1
2024-08-09,215.31758519349225,210.5400362270979,210.66916408754707,214.78123474121094,42201600.0,0.46080896,0.00045708567,0.00045708567,0.23063302,1,1
2024-08-12,218.28150622882862,214.39340008618356,214.8607709437837,216.31259155273438,38028100.0,0.28747344,-0.0059343185,-0.0059343185,0.14076956,1,1
2024-08-13,220.64820259017597,217.7843155173404,217.7843155173404,220.03167724609375,44155300.0,0.265591,-0.029356929,-0.029356929,0.118117034,1,1
2024-08-14,221.7818227179272,218.4704570730026,219.33559848009435,220.47915649414062,41960600.0,0.15486526,-0.033681765,-0.033681765,0.06059175,1,1
2024-08-15,224.08885093177264,221.51333414952188,223.3430482530648,223.46237182617188,46414000.0,0.12946129,-0.034352757,-0.034352757,0.047554262,1,1
2024-08-16,225.56057624113714,222.39836482120643,222.6668580486994,224.78494262695312,44340200.0,0.10043796,-0.039219163,-0.039219163,0.0306094,1,1
2024-08-19,224.72527040192085,221.791767703572,224.4567771868955,224.62582397460938,40687800.0,0.11051617,-0.047508165,-0.047508165,0.031504,1,1
2024-08-20,225.89865006504533,224.18827476461456,224.50649118022673,225.24234008789062,30299000.0,0.06650465,-0.035821788,-0.035821788,0.015341431,1,1
2024-08-21,226.7041399348782,223.79054452288287,225.25231910261834,225.1329803466797,34765500.0,0.11238523,-0.024047276,-0.024047276,0.04416898,1,1
2024-08-22,227.06209724349452,222.64694316501192,226.51517227009805,223.27342224121094,43695300.0,0.14314765,0.0025792122,0.0025792122,0.07286343,1,1
2024-08-23,226.9427926991927,223.07456326985692,224.39712188969804,225.5705108642578,38677300.0,0.17759442,-0.020075409,-0.020075409,0.07875951,1,1
2024-08-26,226.00803101617393,222.6370036872603,225.490936936756,225.90858459472656,30602200.0,0.20706,-0.016302934,-0.016302934,0.095378526,1,1
2024-08-27,227.569248113113,223.63140355832627,224.73519205544582,226.7538299560547,35934600.0,0.1831175,-0.017385315,-0.017385315,0.08286609,1,1
2024-08-28,228.57360836626125,224.41699349604747,226.64446298605537,225.22247314453125,38052200.0,0.2828024,-0.0075545516,-0.0075545516,0.13762394,1,1
2024-08-29,231.61648594304322,227.5991020536236,228.8122756660522,228.50399780273438,51906300.0,0.3310462,-0.0136311,-0.0136311,0.15870754,1,1
2024-08-30,229.11057321557684,226.2069166530855,228.90175696593346,227.71841430664062,52990800.0,0.3176378,-0.016529024,-0.016529024,0.15055439,1,1
2024-09-03,227.7184305167556,219.93224829880322,227.2709519194148,221.52330017089844,50190600.0,0.4317585,0.03280416,0.03280416,0.23228133,1,1
2024-09-04,220.53881694406624,216.2628786668988,220.41949337418052,219.61402893066406,43840200.0,0.36740124,0.021196313,0.021196313,0.19429877,1,1
2024-09-05,224.2181249188319,220.28029506440387,220.38968006999326,221.13548278808594,36615400.0,0.4181449,0.023524273,0.023524273,0.22083458,1,1
2024-09-06,223.97945984429646,218.54007124155592,222.69667077468378,219.58419799804688,48423000.0,0.25245228,0.015368763,0.015368763,0.13391052,1,1
2024-09-09,220.03169196273555,215.49721390972365,219.58421337102425,219.6737060546875,67180000.0,0.33442104,0.006924782,0.006924782,0.17067291,1,1
2024-09-10,220.24048653111632,215.5170698289156,217.69481595725216,218.87815856933594,51591000.0,0.53532904,-0.009810494,-0.009810494,0.26275927,1,1
2024-09-11,221.8414808899648,216.670585544778,220.22061344649163,221.4138946533203,44587100.0,0.30972302,0.012356308,0.012356308,0.16103967,1,1
2024-09-12,222.29893378586118,218.58981250678085,221.2548069431359,221.52330017089844,37455600.0,0.20949683,0.0138368,0.0138368,0.11166681,1,1
2024-09-13,222.78616606005667,220.66809680320824,222.32874892129448,221.25479125976562,36766600.0,0.19936988,0.007725482,0.007725482,0.10354768,1,1
2024-09-16,216.00434741371936,212.72281255665072,215.32814508742544,215.10939025878906,59357400.0,0.33346233,0.033190027,0.033190027,0.18332617,1,1
2024-09-17,215.6861214463737,213.2995590231644,214.54256344637628,215.5767364501953,45519300.0,0.48141345,0.016109599,0.016109599,0.24876152,1,1
2024-09-18,221.46362499015893,216.322545198334,216.33249894497217,219.45492553710938,59894900.0,0.5448999,0.000449555,0.000449555,0.2726747,1,1
2024-09-19,228.53382206057998,223.37286541347208,223.7308512841788,227.58912658691406,66781300.0,0.20747982,-0.027482392,-0.027482392,0.089998715,1,1
2024-09-20,231.7855303113645,226.34614143297367,228.6829959505254,226.9228973388672,318679900.0,0.30595416,-0.010892596,-0.010892596,0.14753078,1,1
2024-09-23,228.16587858738447,224.54625047736963,226.06768660880982,225.2025604248047,54146000.0,0.26159558,-0.00975574,-0.00975574,0.12591992,1,1
2024-09-24,228.06647955891447,224.466728085426,227.3703848763016,226.09754943847656,43556100.0,0.30132192,-0.010996137,-0.010996137,0.1451629,1,1
2024-09-25,226.01796830972677,222.76627973963284,223.6711754067507,225.10311889648438,42308700.0,0.3352242,-0.011535224,-0.011535224,0.16184449,1,1
2024-09-26,227.22121534991766,224.14851196557498,226.02793410267134,226.2467041015625,36636700.0,0.3145374,-0.014214991,-0.014214991,0.1501612,1,1
2024-09-27,228.23551159576573,226.0279344568732,227.1814462394898,226.5151824951172,34026000.0,0.2379724,-0.010211894,-0.010211894,0.113880254,1,1
2024-09-30,231.69602966308594,228.3647716650959,228.75258844686658,231.69602966308594,54541900.0,0.2209057,-0.013858791,-0.013858791,0.103523456,1,1
2024-10-01,228.364781673884,222.48786790384585,228.23551952322458,224.9440460205078,63285000.0,0.31435272,0.0079651065,0.0079651065,0.16115892,1,1
2024-10-02,226.09751288913097,221.77186688392146,224.6257999970642,225.5108184814453,32880600.0,0.25904647,0.00037723407,0.00037723407,0.12971185,1,1
2024-10-03,225.5406782135141,222.07021935855937,223.8800260213992,224.4070587158203,34044200.0,0.28634003,-0.007512549,-0.007512549,0.13941373,1,1
2024-10-04,226.72402778202942,222.87569058700512,226.62458134960903,225.53074645996094,37245100.0,0.26657915,-0.007870689,-0.007870689,0.12935422,1,1
2024-10-07,224.4269397639463,220.09133967636964,223.24359711098245,220.44932556152344,39505400.0,0.2578146,-0.009371849,-0.009371849,0.12422137,1,1
2024-10-08,224.7153012256155,222.0005838884303,223.0447106099303,224.50648498535156,31855700.0,0.36572227,-0.019923164,-0.019923164,0.17289956,1,1
2024-10-09,228.4642330490597,223.57176903047048,223.96952441146985,228.25540161132812,33591100.0,0.39312816,-0.032786302,-0.032786302,0.18017092,1,1
2024-10-10,228.21562630222516,225.89866409237993,226.50525089558744,227.75819396972656,28183500.0,0.40941688,-0.020950655,-0.020950655,0.19423312,1,1
2024-10-11,228.12612627842185,226.0677036085129,228.0167412789572,226.2765350341797,31759200.0,0.25354114,-0.01855102,-0.01855102,0.11749506,1,1
2024-10-14,230.43314046117197,227.32066753158787,227.4200987868959,230.00555419921875,39882100.0,0.51497144,-0.0056944136,-0.0056944136,0.2546385,1,1
2024-10-15,236.16090332060597,231.0695468532438,232.30261271123658,232.54127502441406,64751400.0,0.36174577,-0.010125963,-0.010125963,0.1758099,1,1
2024-10-16,230.8209426799016,228.55370384388218,230.30386376880503,230.48284912109375,34082200.0,0.20610835,-0.010962443,-0.010962443,0.09757295,1,1
2024-10-17,232.5412825211578,229.22991678936268,232.12361966628396,230.8507843017578,32993800.0,0.27183354,-0.018674618,-0.018674618,0.12657946,1,1
2024-10-18,234.8582339303053,232.70037994861724,234.8582339303053,233.68484497070312,46431500.0,0.39844418,-0.024120884,-0.024120884,0.18716164,1,1
2024-10-21,235.52449481958178,233.13791711516282,233.13791711516282,235.15655517578125,36254500.0,0.31817293,-0.032386765,-0.032386765,0.14289308,1,1
2024-10-22,234.89802497361626,231.29828871484364,232.5810627118631,234.5400390625,38846600.0,0.2989447,-0.031447537,-0.031447537,0.13374858,1,1
2024-10-23,233.82405947286142,226.4853561254601,232.76999409553275,229.46856689453125,52287000.0,0.4057947,-0.013645433,-0.013645433,0.19607463,1,1
2024-10-24,229.52823345451665,227.131717270346,228.69292294524882,229.27963256835938,31109500.0,0.39388227,-0.023747055,-0.023747055,0.18506761,1,1
2024-10-25,231.91481257552053,228.2852454458818,228.4542922398222,230.1149444580078,38802300.0,0.43143353,-0.030021569,-0.030021569,0.20070598,1,1
2024-10-28,233.41633904858514,231.24854661133642,232.01424158684446,232.09378051757812,36087100.0,0.44219717,-0.025170347,-0.025170347,0.20851341,1,1
2024-10-29,233.01858415019296,231.0198384903425,231.79547204033784,232.36227416992188,35417200.0,0.37693566,-0.021625707,-0.021625707,0.17765498,1,1
2024-10-30,232.1634063461827,228.2653461113998,231.30821865562254,228.81227111816406,47070900.0,0.41899225,-0.022382459,-0.022382459,0.1983049,1,1
2024-10-31,228.5437662121666,224.10871977089283,228.05650301771783,224.6457061767578,64370100.0,0.23754857,-0.024835097,-0.024835097,0.10635674,1,1
2024-11-01,224.0888686971337,219.03729633206578,219.73337585269815,221.6625213623047,65276700.0,0.22527121,-0.007986065,-0.007986065,0.10864258,1,1
2024-11-04,221.54315061130296,218.4804011628397,219.75323643771605,220.76751708984375,44944500.0,0.352891,0.0066365665,0.0066365665,0.17976378,1,1
2024-11-05,222.69666464924057,219.90239319356397,220.558703156551,222.199462890625,28111300.0,0.27320352,0.005259759,0.005259759,0.13923164,1,1
2024-11-06,224.80481443000403,219.95212032394844,221.36417152277414,221.4735565185547,54561100.0,0.59728235,0.0033306256,0.0033306256,0.30030647,1,1
2024-11-07,226.60467969295215,223.31320645932942,223.37286824297072,226.2069091796875,42137700.0,0.4600213,0.0034666788,0.0034666788,0.23174398,1,1
2024-11-08,227.63048374280507,225.39061415381417,226.1471868576639,225.93814086914062,38328800.0,0.18361485,0.0061746063,0.0061746063,0.09489472,1,1
2024-11-11,224.6838265513218,220.50273927354334,223.9869812033736,223.22044372558594,42005600.0,0.3623757,0.006146441,0.006146441,0.18426107,1,1
2024-11-12,224.57432119735213,222.35436559242814,223.53901027898473,223.22044372558594,40398300.0,0.36739838,0.010836259,0.010836259,0.18911733,1,1
2024-11-13,225.62952490733255,221.75703985190805,223.00141185159572,224.10641479492188,48566200.0,0.39334223,0.009849884,0.009849884,0.20159605,1,1
2024-11-14,227.83952645793332,223.98695568104733,224.00686988588794,227.1924591064453,44923900.0,0.49339244,-4.4845045e-05,-4.4845045e-05,0.2466738,1,1
2024-11-15,225.89830725108274,223.26024476090137,225.38064426033654,223.98695373535156,47923700.0,0.44947252,0.018265197,0.018265197,0.23386885,1,1
2024-11-18,228.70561947942855,224.1561882479486,224.23582987715278,226.9933624267578,44633700.0,0.44324976,0.005618119,0.005618119,0.22443394,1,1
2024-11-19,229.123737666772,225.63949596937007,225.95804731142948,227.252197265625,36211800.0,0.2724645,0.013278603,0.013278603,0.14287156,1,1
2024-11-20,228.89475383274825,224.8729502483013,227.0331781982001,227.9689483642578,35169600.0,0.33000332,0.018545575,0.018545575,0.17427444,1,1
2024-11-21,229.12371949855563,224.69375844400457,227.8494838511811,227.49110412597656,42108300.0,0.73390424,0.028848765,0.028848765,0.3813765,1,1
2024-11-22,229.6812162999479,227.03318893672346,227.03318893672346,228.8350372314453,38168300.0,0.477365,0.016296612,0.016296612,0.24683079,1,1
2024-11-25,232.19981188776785,228.70562083004268,230.41787789282506,231.82151794433594,90152800.0,0.38011256,0.016327368,0.016327368,0.19821995,1,1
2024-11-26,234.50937670519198,232.27945661483375,232.27945661483375,234.0016632080078,45986200.0,0.30479243,0.011641086,0.011641086,0.15821676,1,1
2024-11-27,234.62884134649127,232.75730092131053,233.41433300973634,233.87225341796875,33498400.0,0.17014483,0.016873747,0.016873747,0.09350929,1,1
2024-11-29,236.73927868022366,232.91657159263394,233.75278591990275,236.26144409179688,28481400.0,0.26902455,0.014586875,0.014586875,0.14180572,1,1
2024-12-02,239.70585504150458,236.0922091638524,236.20171450499868,238.51126098632812,48137100.0,0.39002195,0.011574198,0.011574198,0.20079806,1,1
2024-12-03,241.66700046466846,237.82437898500294,238.73028547870095,241.5574951171875,38861000.0,0.55107427,0.016267747,0.016267747,0.283671,1,1
2024-12-04,243.01091645834052,240.16379275322726,241.77649398259703,241.91586303710938,44383900.0,0.27224714,0.014701122,0.014701122,0.14347413,1,1
2024-12-05,243.43898620611924,241.03984843814553,242.8914746561807,241.94573974609375,40033900.0,0.38007024,0.017890861,0.017890861,0.19898055,1,1
2024-12-06,243.5285923470879,240.99007032901886,241.81633519239523,241.74664306640625,36870600.0,0.1893139,0.007991718,0.007991718,0.09865281,1,1
2024-12-09,246.1268220997756,240.66153502923254,240.74117665680967,245.63902282714844,44649200.0,0.4258436,-0.0013926886,-0.0013926886,0.21222545,1,1
2024-12-10,247.09247084593116,244.23538234840328,245.77840669680953,246.65444946289062,36914800.0,0.2563642,-0.011516809,-0.011516809,0.12242369,1,1
2024-12-11,249.67079537394437,245.15122786747497,246.8435859006099,245.3802032470703,45205800.0,0.2770009,0.0007970948,0.0007970948,0.138899,1,1
2024-12-12,247.62009965003742,244.57386397408158,245.77842285664238,246.84361267089844,32777500.0,0.34670123,0.0012097387,0.0012097387,0.17395549,1,1
2024-12-13,248.16758302178013,245.13132757947596,246.70421556592945,247.0128173828125,33155300.0,0.18216199,-4.158821e-05,-4.158821e-05,0.0910602,1,1
2024-12-16,250.2481944775453,246.53497744922532,246.87345818165343,249.9097137451172,51694800.0,0.40688917,-0.018343134,-0.018343134,0.19427302,1,1
2024-12-17,252.68716009783537,248.655391740455,248.95404406138837,252.33872985839844,51356400.0,0.2977177,-0.016868947,-0.016868947,0.14042437,1,1
2024-12-18,253.13512753347695,246.62457993830327,251.02467749046986,246.9331817626953,56774100.0,0.21192497,-0.0005734451,-0.0005734451,0.105675764,1,1
2024-12-19,250.86540066585474,245.97750369773615,246.3856613682502,248.66534423828125,60882300.0,0.23206457,-0.008734401,-0.008734401,0.11166509,1,1
2024-12-20,253.8518908180873,244.58381048961357,246.92322076153135,253.3441925048828,147495300.0,0.33457774,-8.415803e-05,-8.415803e-05,0.16724679,1,1
2024-12-23,254.49897581061583,252.30888395267968,253.62294818149482,254.12069702148438,40858800.0,0.24655297,-0.0072913803,-0.0072913803,0.1196308,1,1
2024-12-24,257.0474099027653,254.14055892454206,254.3396705835317,257.0374755859375,23234700.0,0.33975667,-0.006202949,-0.006202949,0.16677685,1,1
2024-12-26,258.9289141129315,256.47003399402934,257.0275101814573,257.853759765625,27237100.0,0.34243393,-0.00864787,-0.00864787,0.16689302,1,1
2024-12-27,257.53523753189216,251.92061656694878,256.66912911312295,254.43922424316406,42355300.0,0.2784835,-0.016544128,-0.016544128,0.13096969,1,1
2024-12-30,252.3586488565982,249.62103037787767,251.0943626150189,251.0644989013672,35557500.0,0.32823685,-0.011380611,-0.011380611,0.15842812,1,1
2024-12-31,252.1396347735265,248.30696287880588,251.30342042234355,249.29251098632812,39480700.0,0.606278,-0.008520093,-0.008520093,0.29887897,1,1
2025-01-02,247.97846832553566,240.73124671787497,247.80922035937212,242.75210571289062,55740700.0,0.60556734,-0.025923798,-0.025923798,0.28982174,1,1
2025-01-03,243.08059762167903,240.80091479245596,242.26429748535156,242.26429748535156,40244100.0,0.6581019,-0.024929343,-0.024929343,0.3165863,1,1
2025-01-06,246.21642284830082,242.10501290585998,243.2100158477468,243.89691162109375,45045600.0,0.66563684,-0.020477632,-0.020477632,0.3225796,1,1
2025-01-07,244.44445006993732,240.2633629937866,241.8860138278822,241.11949157714844,40856000.0,0.50673944,-0.02317719,-0.02317719,0.24178113,1,1
2025-01-08,242.61273160476242,238.9692066706783,240.83078235887348,241.60726928710938,37628900.0,0.5106913,-0.013495272,-0.013495272,0.24859801,1,1
2025-01-10,239.0787097724967,231.95094323601768,238.9293760168756,235.7836151123047,61710900.0,0.30759874,0.013696024,0.013696024,0.16064738,1,1
2025-01-13,233.61343889555542,228.68572841435088,232.47857214721685,233.3446502685547,49630700.0,0.24320225,-0.004413277,-0.004413277,0.11939449,1,1
2025-01-14,235.05688478727922,231.4233246799516,233.69305795736565,232.22967529296875,39435300.0,0.3824934,0.0009309286,0.0009309286,0.19171217,1,1
2025-01-15,237.88411516800545,233.3744970274307,233.5835582088168,236.79901123046875,39832000.0,0.51245344,0.0024835458,0.0024835458,0.2574685,1,1
2025-01-16,236.93840239126823,227.00333958663936,236.2813854529523,227.2322998046875,71759100.0,0.52493584,0.0026258426,0.0026258426,0.26378086,1,1
2025-01-17,231.24413133243607,227.4512878984511,231.07489856287185,228.9445343017578,68488300.0,0.5105222,-0.019310465,-0.019310465,0.24560586,1,1
2025-01-21,223.40957304130882,218.39227174297113,222.99146586562136,221.63758850097656,98070400.0,0.59528893,0.004729,0.004729,0.30000898,1,1
2025-01-22,223.11090745632038,218.80040121474653,218.80040121474653,222.8222198486328,64126500.0,0.63585526,0.009159047,0.009159047,0.32250714,1,1
2025-01-23,226.0078374632505,221.29913768199057,223.72815445577547,222.65301513671875,60234800.0,0.5301202,0.0063579995,0.0063579995,0.2682391,1,1
2025-01-24,224.614121166801,220.4131202139208,223.76794215782238,221.77694702148438,54697900.0,0.43954462,0.0024762554,0.0024762554,0.22101045,1,1
2025-01-27,231.10477141655377,222.9715575076631,223.01138591977585,228.82508850097656,94863400.0,0.22943188,-0.02413659,-0.02413659,0.10264765,1,1
2025-01-28,239.10855876935992,229.7707868971689,229.81061530558512,237.18724060058594,75707600.0,0.31513512,-0.026549084,-0.026549084,0.14429301,1,1
2025-01-29,238.78006694024197,232.95639961161774,233.06590496072297,238.28231811523438,45486100.0,0.2664342,-0.014222816,-0.014222816,0.1261057,1,1
2025-01-30,239.7058683175974,236.14200015946125,237.59541819689565,236.52027893066406,55658300.0,0.23178467,-0.015806504,-0.015806504,0.10798908,1,1
2025-01-31,246.07705979363328,232.38896748106293,246.07705979363328,234.93743896484375,100959800.0,0.31541353,-0.01341629,-0.01341629,0.15099862,1,1
2025-02-03,230.78622201033428,224.68381655532258,228.9545099800506,226.98341369628906,73063300.0,0.30631024,0.006639808,0.006639808,0.15647502,1,1
2025-02-04,232.08037762753466,225.62954176239768,226.226846442903,231.75186157226562,45067300.0,0.48058558,-0.005927393,-0.005927393,0.2373291,1,1
2025-02-05,231.62243633567465,227.24225275297744,227.50107667347064,231.42333984375,39620300.0,0.36152282,-0.009264452,-0.009264452,0.17612919,1,1
2025-02-06,232.74734282564026,229.39250557129796,230.24863411824003,232.16995239257812,29925300.0,0.39218748,-0.008207561,-0.008207561,0.19198996,1,1
2025-02-07,232.946448173879,226.236788599926,231.55275755143822,226.60513305664062,39707200.0,0.38374102,0.0036860975,0.0036860975,0.19371356,1,1
2025-02-10,229.80417456619486,226.42572786906877,228.7876615470872,226.8741912841797,33115600.0,0.19602062,-0.0016564531,-0.0016564531,0.09718208,1,1
2025-02-11,234.42836130351915,227.35256634016287,227.4223198813819,231.82725524902344,53718400.0,0.33243924,-0.0135407485,-0.0135407485,0.15944925,1,1
2025-02-12,236.15247950770552,229.89386689621963,230.41209906543347,236.06277465820312,45243300.0,0.399106,-0.012601778,-0.012601778,0.19325212,1,1
2025-02-13,241.514131106333,234.7672133917818,236.10264318513748,240.70689392089844,53614100.0,0.36392915,-0.014124261,-0.014124261,0.17490244,1,1
2025-02-14,244.71319316935814,240.1687356269457,240.4278440984732,243.7664337158203,40896200.0,0.46178824,-0.013505682,-0.013505682,0.22414128,1,1
2025-02-18,244.34445851454996,241.01584434943877,243.31796980618805,243.6368865966797,48822500.0,0.2779593,-0.009781128,-0.009781128,0.13408908,1,1
2025-02-19,245.17162160901916,242.33134319523683,243.8262313730556,244.03550720214844,32204200.0,0.13775465,-0.013663456,-0.013663456,0.0620456,1,1
2025-02-20,245.93902334816417,243.45750328110228,244.10529733899222,244.9922637939453,32316900.0,0.23196955,-0.016136818,-0.016136818,0.10791637,1,1
2025-02-21,247.84249441981407,244.38431857946645,245.11182656230832,244.71319580078125,53197400.0,0.13560171,-0.012157453,-0.012157453,0.06172213,1,1
2025-02-24,248.01191597096326,243.58704451830639,244.0953010258401,246.25791931152344,51326400.0,0.17655666,-0.022667466,-0.022667466,0.0769446,1,1
2025-02-25,249.14803959700342,244.0753891604379,247.15485528022737,246.1981201171875,48013300.0,0.31649145,-0.0019961884,-0.0019961884,0.15724763,1,1
2025-02-26,244.14514449402503,238.3150894487839,243.49736566903925,239.5408935546875,44433600.0,0.2844771,0.017166706,0.017166706,0.15082191,1,1
2025-02-27,241.6337368385667,236.25213016109495,238.5941277716784,236.49131774902344,41153600.0,0.4261503,0.0020468105,0.0020468105,0.21409856,1,1
2025-02-28,241.26498665715278,229.41550676334808,236.14250368420718,241.01583862304688,56833400.0,0.41525844,-0.00928105,-0.00928105,0.2029887,1,1
2025-03-03,243.1983635012748,235.3053560708129,240.96599177281342,237.21881103515625,47184000.0,0.31068632,-0.007840099,-0.007840099,0.15142311,1,1
2025-03-04,239.25188262538288,233.88023638606123,236.89992456399492,235.1259765625,53798100.0,0.3790895,0.0039058505,0.0039058505,0.19149767,1,1
2025-03-05,235.7438674276595,228.44880585950324,234.61771347352882,234.93663024902344,47227600.0,0.42640892,-0.002451987,-0.002451987,0.21197847,1,1
2025-03-06,237.04940729600818,232.3654272740836,233.64106399817908,234.5280303955078,45170400.0,0.46058294,-0.0021642884,-0.0021642884,0.22920932,1,1
2025-03-07,240.54744460053885,233.95996981993864,234.30878315837532,238.2552947998047,46273600.0,0.44128764,-0.0021864865,-0.0021864865,0.21955056,1,1
2025-03-10,235.35520052510583,223.45588808739058,234.73730306532093,226.70477294921875,72071200.0,0.2848543,0.06897763,0.06897763,0.17691596,1,1
2025-03-11,225.0703629938446,216.7089556312574,223.04728218644934,220.08740234375,76137400.0,0.59628224,0.061363265,0.061363265,0.32882276,1,1
2025-03-12,220.99430349899413,214.17761702040198,219.3897895710681,216.2405548095703,62547500.0,0.64488673,0.06791224,0.06791224,0.35639948,1,1
2025-03-13,216.10102664759694,207.70972301630272,215.21406028960521,208.96542358398438,61368300.0,0.44859126,0.0045578787,0.0045578787,0.22657457,1,1
2025-03-14,213.22087501834247,208.86577244295887,210.53007941159925,212.762451171875,60107600.0,0.72279197,-0.004453512,-0.004453512,0.35916921,1,1
2025-03-17,214.48656508270392,209.25445626243933,212.58307041465437,213.27072143554688,48073400.0,0.6769799,-0.0038150214,-0.0038150214,0.33658245,1,1
2025-03-18,214.4168029665515,210.76928711901598,213.43018643369246,211.96519470214844,42432400.0,0.59149677,0.009343723,0.009343723,0.30042025,1,1
2025-03-19,218.0144781615262,213.0215573102422,213.48995680484757,214.50648498535156,54385400.0,0.46223646,-0.004438231,-0.004438231,0.22889912,1,1
2025-03-20,216.74883872802718,211.49679368091097,213.2607660976187,213.37039184570312,48862900.0,0.291989,-0.0103210285,-0.0103210285,0.14083397,1,1
2025-03-21,218.09423372936246,210.55999911901452,210.8390437188948,217.52618408203125,94127800.0,0.21757762,-0.024391754,-0.024391754,0.09659293,1,1
2025-03-24,220.7252273230714,217.83511614199446,220.24686734420678,219.977783203125,44299500.0,0.16505665,-0.019430349,-0.019430349,0.07281315,1,1
2025-03-25,223.33631640181736,219.33001153042758,220.01766257627696,222.9875030517578,34493600.0,0.26833734,-0.0093365535,-0.0093365535,0.12950039,1,1
2025-03-26,224.25316696482244,219.71866969932233,222.7483031053444,220.77505493164062,34466100.0,0.1642412,-0.0016904483,-0.0016904483,0.08127537,1,1
2025-03-27,224.22327264250706,219.80836152348044,220.63553483035878,223.087158203125,37094800.0,0.45599163,0.033851814,0.033851814,0.24492171,1,1
2025-03-28,223.04728822423488,216.93817343567548,220.91458161653458,217.1574249267578,39818600.0,0.3992132,0.009885546,0.009885546,0.20454937,1,1
2025-03-31,224.8511131847691,215.49311362240712,216.27045427307317,221.37301635742188,65299300.0,0.41182494,0.036282577,0.036282577,0.22405377,1,1
2025-04-01,222.9177332815032,218.15402384007052,219.06092638065368,222.42941284179688,36412700.0,0.30702463,0.04151304,0.04151304,0.17426884,1,1
2025-04-02,224.42260233406006,220.2668146407477,220.5657953452804,223.1270294189453,35905900.0,0.27910042,0.039129086,0.039129086,0.15911476,1,1
2025-04-03,206.78289223919597,200.56415230327434,204.8395255545537,202.49754333496094,103419000.0,0.41640523,0.0130863,0.0130863,0.21474576,1,1
2025-04-04,199.19884701911502,186.70157274086588,193.2292544699453,187.738037109375,125910900.0,0.5414834,0.0091073,0.0091073,0.27529535,1,1
2025-04-07,193.48835506739644,174.02491207450518,176.59612158290105,180.84161376953125,160466300.0,0.45665455,0.006971883,0.006971883,0.23181322,1,1
2025-04-08,189.691324966831,168.63334553301246,186.06373055480245,171.8323974609375,120859500.0,0.46525463,-0.004804224,-0.004804224,0.2302252,1,1
2025-04-09,199.926344669284,171.30421792842867,171.3640110222038,198.17234802246094,184395900.0,0.37265334,-0.015458055,-0.015458055,0.17859763,1,1
2025-04-10,194.11621470149436,182.37636057603893,188.42568213047016,189.7710723876953,121880000.0,0.47389144,0.010596938,0.010596938,0.2422442,1,1
2025-04-11,198.85997858079665,185.42592149027786,185.46579368960585,197.47471618652344,87435900.0,0.36227277,-0.026063552,-0.026063552,0.1681046,1,1
2025-04-14,212.2143377637297,200.47448329230923,210.7194495182335,201.82984924316406,101352900.0,0.3252559,-0.018727621,-0.018727621,0.15326414,1,1
2025-04-15,202.81645240683693,199.11910423874315,201.1720815277121,201.4511260986328,51343900.0,0.317879,0.007603957,0.007603957,0.16274148,1,1
2025-04-16,200.01603598224625,191.71442177543545,197.68401406478426,193.6079559326172,59732400.0,0.51118845,0.02001245,0.02001245,0.26560044,1,1
2025-04-17,198.15241736523095,193.75744237056688,196.5279673080365,196.3087158203125,52164700.0,0.46010703,0.019112514,0.019112514,0.23960978,1,1
2025-04-21,193.13955785695288,189.1631497833642,192.61136524453693,192.50173950195312,46742500.0,0.44515473,0.034242645,0.034242645,0.2396987,1,1
2025-04-22,200.9030125684292,195.3021694205859,195.45165216386687,199.059326171875,52976400.0,0.42220935,0.01817726,0.01817726,0.22019331,1,1
2025-04-23,207.29116289420588,202.10888686320854,205.29797863560773,203.9027557373047,52929200.0,0.2862862,0.0036892593,0.0036892593,0.14498773,1,1
2025-04-24,208.11833592046503,202.248408894664,204.1917605029567,207.65989685058594,47311000.0,0.32507512,0.008420154,0.008420154,0.16674763,1,1
2025-04-25,209.0352025034097,205.49729734578435,205.66671618569228,208.56680297851562,38222300.0,0.39327526,0.00629043,0.00629043,0.19978285,1,1
2025-04-28,210.77923983434187,206.7530142372406,209.2843516085664,209.4238739013672,38743100.0,0.5105934,0.012917105,0.012917105,0.26175526,1,1
2025-04-29,211.51672307140856,207.6599011161091,207.978817902887,210.490234375,36827600.0,0.41483715,0.013863361,0.013863361,0.21435025,1,1
2025-04-30,212.8521544830753,205.96569903614,208.58674127234366,211.7758331298828,52286500.0,0.42044467,0.028593235,0.028593235,0.22451895,1,1
2025-05-01,213.82881264887993,208.18809734114114,208.3674918385056,212.59304809570312,57365700.0,0.28568634,0.021931853,0.021931853,0.1538091,1,1
2025-05-02,206.28461806468735,201.4710760745947,205.38767599056177,204.65020751953125,101010600.0,0.6264435,0.048374042,0.048374042,0.33740878,1,1
2025-05-05,203.4044712176219,197.5345438511527,202.40787903175757,198.21221923828125,69018500.0,0.6759342,0.061769716,0.061769716,0.36885196,1,1
2025-05-06,199.96621804369693,196.34859871285207,197.53454585917262,197.83351135253906,51216500.0,0.7848032,0.0470175,0.0470175,0.41591036,1,1
2025-05-07,198.7603386318323,192.59143085844198,198.49125449640593,195.58120727539062,68536700.0,0.8189681,0.020746898,0.020746898,0.4198575,1,1
2025-05-08,199.3682595147921,194.0165494128041,197.04619801698016,196.81698608398438,50478900.0,0.5393249,0.009705663,0.009705663,0.27451527,1,1
2025-05-09,199.85658408831688,196.86680762308345,198.32183886048443,197.8534393310547,36453900.0,0.73031104,0.009935971,0.009935971,0.3701235,1,1
2025-05-12,210.82613996616402,206.31563192374182,210.52676720097676,210.34713745117188,63775800.0,0.4929784,-0.0031902343,-0.0031902343,0.24489407,1,1
2025-05-13,212.95164926547025,208.56089957562318,209.98788789546765,212.48263549804688,51909300.0,0.6803539,0.013338022,0.013338022,0.34684595,1,1
2025-05-14,213.49051386836734,210.13757262915965,211.98367663769176,211.88389587402344,49325800.0,0.6285276,0.015009701,0.015009701,0.32176864,1,1
2025-05-15,212.51258988469863,209.0997617101353,210.506803034962,211.00575256347656,45029500.0,0.507671,0.0075268927,0.0075268927,0.25759894,1,1
2025-05-16,212.12340739052024,209.3292870180407,211.9138418912236,210.81614685058594,54737900.0,0.5759226,0.00990529,0.00990529,0.29291394,1,1
2025-05-19,209.0398806327114,203.83084657536088,207.47318710280226,208.3413543701172,46140500.0,0.51547766,0.012095502,0.012095502,0.26378658,1,1
2025-05-20,208.03201787298204,204.5992426766309,207.23369558110693,206.42539978027344,42496600.0,0.67633426,0.015133804,0.015133804,0.34573403,1,1
2025-05-21,206.60500227852873,200.28831500749223,204.73893602091724,201.6654052734375,59211800.0,0.6544543,0.02411171,0.02411171,0.339283,1,1
2025-05-22,202.32401437172413,199.28041949489233,200.2883071907537,200.9369354248047,46742400.0,0.7413131,0.011844823,0.011844823,0.37657896,1,1
2025-05-23,197.28464391104225,193.05356158182016,193.26311186041877,194.85975646972656,78432900.0,0.7038009,0.019088058,0.019088058,0.3614445,1,1
2025-05-27,200.31825293342968,197.01519441683536,197.88337691051132,199.78936767578125,56288500.0,0.6134462,0.009015145,0.009015145,0.31123066,1,1
2025-05-28,202.30406088976383,199.48000488022652,200.16855762950956,199.99891662597656,45339700.0,0.5432639,0.014376478,0.014376478,0.2788202,1,1
2025-05-29,203.38179807643976,198.09293019267844,203.15228556391767,199.5299072265625,51396800.0,0.52085334,0.01791552,0.01791552,0.26938444,1,1
2025-05-30,201.53569281345096,196.36656797106642,198.95112277889336,200.4280242919922,70819900.0,0.31437966,0.01148383,0.01148383,0.16293174,1,1
2025-06-02,201.70533435611304,199.69954757512772,199.85921507319503,201.27622985839844,35423300.0,0.19812647,0.009454455,0.009454455,0.10379046,1,1
2025-06-03,203.34187550579085,200.53778186221837,200.92696184786135,202.84292602539062,46381600.0,0.31147057,0.01285516,0.01285516,0.16216287,1,1
2025-06-04,205.80670326672896,201.67540185470463,202.48369763994597,202.39389038085938,43604000.0,0.39100635,0.010096667,0.010096667,0.20055151,1,1
2025-06-05,204.3198354061699,199.7294935749724,203.07246156364138,200.20849609375,55126100.0,0.47127494,0.014563689,0.014563689,0.24291933,1,1
2025-06-06,205.26782088834017,201.62549563553227,202.57349663849442,203.49156188964844,46607700.0,0.51213026,0.013321863,0.013321863,0.26272607,1,1
2025-06-09,205.56720771427428,199.59977555964565,203.96058960802065,201.02676391601562,72862600.0,0.6311741,0.0197385,0.0197385,0.3254563,1,1
2025-06-10,203.92066462184746,200.14860765917956,200.1785434107301,202.2441864013672,54672600.0,0.5979048,0.04561405,0.04561405,0.32175943,1,1
2025-06-11,204.07034932786254,197.99314795828434,203.0724503091444,198.36236572265625,60989900.0,0.572003,0.034101017,0.034101017,0.303052,1,1
2025-06-12,199.26046614106752,196.94534836583952,198.66173587371065,198.78147888183594,43904600.0,0.46469235,0.04062501,0.04062501,0.2526587,1,1
2025-06-13,199.9490243445518,195.2888376882346,199.3103695725812,196.03726196289062,51447300.0,0.32019445,0.026201066,0.026201066,0.17319776,1,1
2025-06-16,198.27256505925683,196.1470352061455,196.8854859861783,198.0031280517578,43020700.0,0.42271346,0.03376906,0.03376906,0.22824126,1,1
2025-06-17,197.97318035709665,194.79986887227625,196.78567812068002,195.2289581298828,38856200.0,0.42760158,0.010758162,0.010758162,0.21917987,1,1
2025-06-18,197.15490236836843,194.66015499959357,195.52832221137376,196.16697692871094,45394700.0,0.27252075,0.007489858,0.007489858,0.1400053,1,1
2025-06-20,201.27622400422058,196.44639652864126,197.8235020126397,200.57769775390625,96813500.0,0.29002,0.010683397,0.010683397,0.15035169,1,1
2025-06-23,201.87498244787415,198.54200324907936,201.20639190632414,201.07666015625,55814300.0,0.3611884,0.007942006,0.007942006,0.18456522,1,1
2025-06-24,203.0125832870988,199.77938491343542,202.16436301176623,199.87918090820312,54064000.0,0.40069774,0.012161273,0.012161273,0.20642951,1,1
2025-06-25,203.2421033073339,200.19850807531137,201.0267661369261,201.13653564453125,39525700.0,0.45153645,0.018988598,0.018988598,0.23526253,1,1
2025-06-26,202.2142514946699,199.04094000321476,201.00678701240994,200.57769775390625,50799100.0,0.5277406,0.035838287,0.035838287,0.28178945,1,1
2025-06-27,202.7930349784745,199.57979899649257,201.4658274879402,200.65753173828125,73188600.0,0.44500765,0.0373662,0.0373662,0.24118693,1,1
2025-06-30,206.95427439094752,198.84135059390303,201.58557286233471,204.7389373779297,91912800.0,0.40748152,0.021747338,0.021747338,0.21461444,1,1
2025-07-01,209.74839282792448,205.70689884063935,206.23578409144605,207.3833770751953,78788900.0,0.2582946,0.020479072,0.020479072,0.13938683,1,1
2025-07-02,212.8917706186518,207.7026988246806,208.47108532398713,211.99366760253906,67941800.0,0.210316,0.015674321,0.015674321,0.11299516,1,1
2025-07-03,214.19902871499423,211.36499901814886,211.70428104663077,213.10134887695312,34955800.0,0.20558943,0.023602284,0.023602284,0.11459586,1,1
2025-07-07,215.77570049162512,208.36131809352125,212.23315593085263,209.50889587402344,50229000.0,0.2835377,0.024696622,0.024696622,0.15411715,1,1
2025-07-08,210.98578616820197,208.01205130024096,209.658593847986,209.5687713623047,42848900.0,0.15369569,0.035589248,0.035589248,0.094642475,1,1
2025-07-09,210.8859991217609,206.78463359109693,209.0897778625777,210.69639587402344,48749400.0,0.34988472,0.034102943,0.034102943,0.19199383,1,1
2025-07-10,213.03147386855414,209.58872537016995,210.06771262581316,211.96372985839844,44443600.0,0.4111629,0.039109193,0.039109193,0.22513606,1,1
2025-07-11,211.68431760849728,209.41908263784933,210.12759762046792,210.7163543701172,39765800.0,0.4948201,0.03893084,0.03893084,0.26687545,1,1
2025-07-14,210.46688365912564,207.10395364435493,209.48893166698292,208.1816864013672,38840100.0,0.6277417,0.03620812,0.03620812,0.33197492,1,1
2025-07-15,211.44482767792792,208.48106630115817,208.7804390594974,208.67066955566406,42296300.0,0.59616876,0.038181983,0.038181983,0.31717536,1,1
2025-07-16,211.95375954691573,208.2016644692293,209.8581806046168,209.71847534179688,47490500.0,0.6841184,0.039281968,0.039281968,0.36170018,1,1
2025-07-17,211.3550095983717,209.14964612579556,210.12759810142074,209.57875061035156,48068100.0,0.73617536,0.03833302,0.03833302,0.3872542,1,1
2025-07-18,211.34503189230253,209.25942654413325,210.42696659875526,210.73631286621094,48974600.0,0.64067525,0.034674793,0.034674793,0.33767503,1,1
2025-07-21,215.3266389893317,211.18536434566,211.65437808070223,212.0335693359375,51377400.0,0.37569413,0.032333747,0.032333747,0.20401393,1,1
2025-07-22,214.49840197701596,211.78411528941558,212.69220709721728,213.94955444335938,46404100.0,0.4700069,0.036505237,0.036505237,0.25325608,1,1
2025-07-23,214.69797228179937,211.9637386583707,214.54829351654996,213.7000732421875,46989300.0,0.23947395,0.039430626,0.039430626,0.1394523,1,1
2025-07-24,215.2368355364858,213.08137006420023,213.45058781785585,213.31088256835938,46022600.0,0.53913504,0.04208322,0.04208322,0.29060915,1,1
2025-07-25,214.7877920897316,212.95164630742312,214.24891808809048,213.43064880371094,40268800.0,0.37542123,0.040598728,0.040598728,0.20800997,1,1
2025-07-28,214.39861831079742,212.61237047326716,213.5803337758995,213.6002960205078,37858000.0,0.3398325,0.04122301,0.04122301,0.19052777,1,1
2025-07-29,214.3586818606333,210.37707459375494,213.73000061776605,210.8261260986328,51411700.0,0.6043086,0.04927487,0.04927487,0.32679173,1,1
2025-07-30,211.94377315400357,207.28358653790625,211.454797150492,208.6107940673828,45512500.0,0.6051232,0.035856202,0.035856202,0.3204897,1,1
2025-07-31,209.39913099136336,206.72476887181696,208.0519764228089,207.1339111328125,80698400.0,0.5154032,0.020153822,0.020153822,0.26777852,1,1
2025-08-01,213.1312852679161,201.07666267114303,210.4269720875647,201.95481872558594,104434500.0,0.37337276,0.057805225,0.057805225,0.215589,1,1
2025-08-04,207.44325668811337,201.25627047720934,204.0803265791815,202.9227752685547,75109300.0,0.3881501,0.04690806,0.04690806,0.21752907,1,1
2025-08-05,204.90858140720596,201.73526982787092,202.97265486934364,202.49366760253906,44155100.0,0.43812332,0.04774726,0.04774726,0.24293528,1,1
2025-08-06,214.9275012748427,205.15806109322384,205.19798558200998,212.80197143554688,108483100.0,0.3645965,-0.010831384,-0.010831384,0.17688255,1,1
2025-08-07,220.38600300495352,216.12496995802366,218.42014073215765,219.56771850585938,90224800.0,0.666414,-0.0029855222,-0.0029855222,0.33171427,1,1
2025-08-08,230.5146761138317,218.78936250198095,220.36604479784603,228.86814880371094,113854000.0,0.53507745,0.0078044874,0.0078044874,0.27144098,1,1
2025-08-11,229.33767612130436,224.54232171734583,227.6992650180531,226.95997619628906,61806100.0,0.4652632,0.01727749,0.01727749,0.24127035,1,1
2025-08-12,230.57647717809445,226.8500938879156,227.78917070894937,229.42758178710938,55626200.0,0.60857546,0.014425082,0.014425082,0.31150028,1,1
2025-08-13,234.77241529044048,230.2068337695816,230.8462285986664,233.10403442382812,69878500.0,0.40602994,-0.006176021,-0.006176021,0.19992696,1,1
2025-08-14,234.89229562265464,230.6264418350812,233.83332460758467,232.5545654296875,51916300.0,0.49625212,0.005145531,0.005145531,0.25069883,1,1
2025-08-15,234.0531046408583,229.11788646444978,233.77337703316005,231.36570739746094,56038700.0,0.3110992,0.0057611447,0.0057611447,0.15843017,1,1
2025-08-18,232.89423321308522,229.88715369469057,231.47561022214762,230.66639709472656,37476200.0,0.44130284,0.0033193603,0.0033193603,0.22231111,1,1
2025-08-19,232.64447617946885,229.1278960385577,231.05601964615855,230.3367156982422,39402600.0,0.4719102,0.003743519,0.003743519,0.23782687,1,1
2025-08-20,230.24679444121838,225.55134937034353,229.75726351111018,225.79110717773438,42263900.0,0.67317325,0.022964286,0.022964286,0.34806877,1,1
2025-08-21,226.30063142153253,223.56327948127884,226.05087353353895,224.68218994140625,30621200.0,0.78496,0.018197637,0.018197637,0.40157878,1,1
2025-08-22,228.8681272027074,225.1916985271248,225.95095699429655,227.53941345214844,42477800.0,0.78908783,0.010585171,0.010585171,0.3998365,1,1
2025-08-25,229.07792927219558,226.01089520624416,226.26065308481304,226.94000244140625,30983100.0,0.6889974,0.015245777,0.015245777,0.3521216,1,1
2025-08-26,229.26775474756235,224.4724002828088,226.65028173376106,229.08792114257812,54575100.0,0.582934,0.008419756,0.008419756,0.2956769,1,1
2025-08-27,230.676376013076,228.03893336267103,228.38860049855515,230.26678466796875,31259500.0,0.42856202,-0.0202037,-0.0202037,0.20417917,1,1
2025-08-28,233.18396075811214,229.11789497993007,230.59647266873003,232.33477783203125,38074700.0,0.49488443,-0.032997884,-0.032997884,0.23094328,1,1
2025-08-29,233.15398096397084,231.145917853049,232.28481317583598,231.91517639160156,39418400.0,0.35432944,-0.029845124,-0.029845124,0.16224216,1,1
2025-09-02,230.62643860177437,226.75019132336067,229.02798202980685,229.49752807617188,44075600.0,0.30997947,-0.024294807,-0.024294807,0.14284234,1,1
2025-09-03,238.6186963224971,234.133039090421,236.98028515930878,238.2390594482422,66427800.0,0.34968305,-0.016909681,-0.016909681,0.16638668,1,1
2025-09-04,239.66765417218173,236.51072617258424,238.21906152531412,239.5477752685547,47549400.0,0.4924179,-0.009009134,-0.009009134,0.24170437,1,1
2025-09-05,241.08629675958926,238.25903569310344,239.76756781945676,239.45787048339844,54870400.0,0.47544846,-0.0073591787,-0.0073591787,0.23404464,1,1
2025-09-08,239.91741830634814,236.11111057683257,239.06825064349684,237.64962768554688,48999500.0,0.50294733,-0.010661097,-0.010661097,0.24614312,1,1
2025-09-09,238.5487492683241,233.13400016518182,236.77047435136637,234.123046875,66313900.0,0.3949322,-0.010721182,-0.010721182,0.19210552,1,1
2025-09-10,232.19491077497392,225.73117543382176,231.96513778704139,226.5703582763672,83440800.0,0.6307401,-0.002189489,-0.002189489,0.31427532,1,1
2025-09-11,230.22681187017153,226.43048902665416,226.66027725307507,229.80722045898438,50208600.0,0.7574671,-0.014714496,-0.014714496,0.3713763,1,1
2025-09-12,234.28288383192944,228.79821036620638,228.9980136278554,233.84332275390625,55824200.0,0.7453135,-0.012807103,-0.012807103,0.3662532,1,1
2025-09-15,237.95932665324483,234.80238330570734,236.77047667310174,236.47076416015625,42699500.0,0.44619507,-0.004755687,-0.004755687,0.22071968,1,1
2025-09-16,240.98639147239973,236.09114297984144,236.9502954777413,237.9193572998047,63421100.0,0.43841863,-0.015087755,-0.015087755,0.21166544,1,1
2025-09-17,239.86748583209587,237.4997706474641,238.73857528095925,238.75856018066406,46508000.0,0.50974506,-0.01191308,-0.01191308,0.24891599,1,1
2025-09-18,240.9664044724694,236.4208079152849,239.737599946219,237.64962768554688,44249600.0,0.38688916,0.0021056477,0.0021056477,0.1944974,1,1
2025-09-19,246.06146581163878,239.9773675285625,240.99636870073516,245.26223754882812,163741300.0,0.26197633,-0.010832414,-0.010832414,0.12557197,1,1
2025-09-22,256.3914711896616,247.8797028858207,248.05953649140056,255.8319854736328,105517400.0,0.2938512,-0.031623945,-0.031623945,0.13111363,1,1
2025-09-23,257.0907792625319,253.33442606621003,255.63220171436936,254.18359375,60275200.0,0.3538648,-0.024527175,-0.024527175,0.16466881,1,1
2025-09-24,255.4923293909784,250.79686899703333,254.9728287261993,252.06564331054688,42303700.0,0.120147474,-0.022291107,-0.022291107,0.048928183,1,1
2025-09-25,256.9209435623003,251.466224879955,252.96477212582877,256.6212158203125,55202100.0,0.22846858,-0.037106924,-0.037106924,0.09568083,1,1
2025-09-26,257.3505275669758,253.5342198150173,253.8539172209246,255.2126007080078,46076300.0,0.15289712,-0.029383795,-0.029383795,0.061756663,1,1
2025-09-29,254.75304905914027,252.76497075706976,254.31347273152574,254.18359375,40127700.0,0.3678463,-0.021266857,-0.021266857,0.17328973,1,1
2025-09-30,255.67215158054225,252.8648753735947,254.61318058017173,254.38340759277344,37704300.0,0.34993324,-0.01796648,-0.01796648,0.16598338,1,1
2025-10-01,258.53938316103813,254.6831055272507,254.7929996074261,255.20260620117188,48713900.0,0.41580895,-0.023328668,-0.023328668,0.19624014,1,1
2025-10-02,257.9299523535748,253.9038565188199,256.33149581258533,256.8809814453125,42630200.0,0.4440915,-0.02049957,-0.02049957,0.21179596,1,1
2025-10-03,258.9889308017334,253.70406057825727,254.42336451804394,257.7701110839844,49155600.0,0.30383134,-0.025209507,-0.025209507,0.13931093,1,1
2025-10-06,258.819106172963,254.80299514816292,257.7401350456914,256.44140625,44664100.0,0.33221287,-0.029116923,-0.029116923,0.15154797,1,1
2025-10-07,257.15072039039774,255.18262697514498,256.56129542181253,256.23162841796875,31955800.0,0.35233372,-0.019519715,-0.019519715,0.166407,1,1
2025-10-08,258.2696351050741,255.8619653198879,256.2715719294531,257.8100891113281,36496900.0,0.26202804,-0.022375183,-0.022375183,0.11982643,1,1
2025-10-09,257.75013209688524,252.8948383011137,257.5603136690899,253.79396057128906,38322000.0,0.4184564,-0.025481889,-0.025481889,0.19648726,1,1
2025-10-10,256.13171175032437,243.76369637579657,254.69310389004832,245.032470703125,61999100.0,0.33302853,-0.014518935,-0.014518935,0.15925479,1,1
2025-10-13,249.44818352992385,245.32217845998096,249.13848619669534,247.42015075683594,38142900.0,0.6856499,-0.026650751,-0.026650751,0.32949957,1,1
2025-10-14,248.60900042906025,244.46301046499008,246.36117950382103,247.53004455566406,35478000.0,0.61198497,-0.023513896,-0.023513896,0.29423553,1,1
2025-10-15,251.5761352503302,247.2303418581919,249.24838988167792,249.09852600097656,33893600.0,0.61461145,-0.026315885,-0.026315885,0.2941478,1,1
2025-10-16,248.79881419551728,244.8926123625184,248.00958596667436,247.21035766601562,39777000.0,0.5464277,-0.030612564,-0.030612564,0.2579076,1,1
2025-10-17,253.13461023404025,247.03052706557392,247.77980070207627,252.045654296875,49147000.0,0.5134679,-0.017789703,-0.017789703,0.24783911,1,1
2025-10-20,264.1239650925819,255.3824390623343,255.64218177653177,261.98602294921875,90483000.0,0.4183371,-0.02226772,-0.02226772,0.1980347,1,1
2025-10-21,265.03308188579996,261.5764108568555,261.6263807259345,262.5155029296875,46695900.0,0.39441052,-0.015912397,-0.015912397,0.18924905,1,1
2025-10-22,262.5954395959732,255.18261234613632,262.3956210979312,258.19970703125,45015300.0,0.25972974,-0.012332985,-0.012332985,0.123698376,1,1
2025-10-23,260.36758405794774,257.76012648314656,259.68824995662277,259.3285827636719,32754900.0,0.5415154,-0.009959988,-0.009959988,0.2657777,1,1
2025-10-24,263.87421967110856,258.9290010880386,260.93706434715574,262.56549072265625,38253700.0,0.45193756,-0.0106722675,-0.0106722675,0.22063264,1,1
2025-10-27,268.8593494221352,264.3936774471076,264.6234656652487,268.5496520996094,44888200.0,0.23927231,-0.004951777,-0.004951777,0.11716027,1,1
2025-10-28,269.6286240979669,267.8902885694659,268.7294713644567,268.7394714355469,41534800.0,0.17723756,-0.0036878865,-0.0036878865,0.08677483,1,1
2025-10-29,271.1471476128123,266.85129379808274,269.01920560410514,269.4388122558594,51086700.0,0.33073866,-0.0054862127,-0.0054862127,0.16262622,1,1
2025-10-30,273.87451306817263,268.2199910571769,271.72657092903916,271.13714599609375,69886500.0,0.30219576,-0.013624953,-0.013624953,0.1442854,1,1
2025-10-31,277.05143573891627,268.89933466249033,276.721738255342,270.108154296875,86167100.0,0.39691958,-0.011517189,-0.011517189,0.19270119,1,1
2025-11-03,270.5877038096653,265.9921525413924,270.15812755648943,268.7894287109375,50194600.0,0.31919637,-0.016516445,-0.016516445,0.15133996,1,1
2025-11-04,271.22705027239556,267.36080327265466,268.0701070960229,269.7784729003906,49274800.0,0.36548355,-0.021569839,-0.021569839,0.17195687,1,1
2025-11-05,271.43687417180433,266.67147434431234,268.3498399683747,269.8783874511719,43683100.0,0.29860803,-0.026787618,-0.026787618,0.13591021,1,1
2025-11-06,273.1352174017799,267.6305743388968,267.6305743388968,269.50872802734375,51204000.0,0.37420034,-0.023321887,-0.023321887,0.17543922,1,1
2025-11-07,272.02629915101613,266.51162568814635,269.5386899523433,268.2099914550781,48227400.0,0.39850146,-0.031709984,-0.031709984,0.18339574,1,1
2025-11-10,273.7300109863281,267.4599914550781,268.9599914550781,269.42999267578125,41312400.0,0.37796193,-0.03116239,-0.03116239,0.17339976,1,1
2025-11-11,275.9100036621094,269.79998779296875,269.80999755859375,275.25,46208300.0,0.2941048,-0.02587401,-0.02587401,0.1341154,1,1
2025-11-12,275.7300109863281,271.70001220703125,275.0,273.4700012207031,48398000.0,0.2966742,-0.024341227,-0.024341227,0.13616648,1,1
2025-11-13,276.70001220703125,272.0899963378906,274.1099853515625,272.95001220703125,49602800.0,0.35238144,-0.01770898,-0.01770898,0.16733623,1,1
2025-11-14,275.9599914550781,269.6000061035156,271.04998779296875,272.4100036621094,47431300.0,0.43917096,-0.019839915,-0.019839915,0.20966552,1,1
2025-11-17,270.489990234375,265.7300109863281,268.82000732421875,267.4599914550781,45018300.0,0.61180353,-0.0022511343,-0.0022511343,0.3047762,1,1
2025-11-18,270.7099914550781,265.32000732421875,269.989990234375,267.44000244140625,45677300.0,0.7230149,-0.0065882374,-0.0065882374,0.35821334,1,1
2025-11-19,272.2099914550781,265.5,265.5299987792969,268.55999755859375,40424500.0,0.7385724,-0.013537571,-0.013537571,0.36251742,1,1
2025-11-20,275.42999267578125,265.9200134277344,270.8299865722656,266.25,45823600.0,0.6380593,-0.010150557,-0.010150557,0.31395438,1,1
2025-11-21,273.3299865722656,265.6700134277344,265.95001220703125,271.489990234375,59030800.0,0.7395582,-0.010007298,-0.010007298,0.36477545,1,1
2025-11-24,277.0,270.8999938964844,270.8999938964844,275.9200134277344,65585800.0,0.42192617,-0.023267591,-0.023267591,0.19932929,1,1
2025-11-25,280.3800048828125,275.25,275.2699890136719,276.9700012207031,46914200.0,0.63910174,-0.020756768,-0.020756768,0.3091725,1,1
2025-11-26,279.5299987792969,276.6300048828125,276.9599914550781,277.54998779296875,33431400.0,0.3795669,-0.01925117,-0.01925117,0.18015787,1,1
2025-11-28,279.0,275.989990234375,277.260009765625,278.8500061035156,20135600.0,0.32683125,-0.0019657305,-0.0019657305,0.16243276,1,1
2025-12-01,283.4200134277344,276.1400146484375,278.010009765625,283.1000061035156,46587700.0,0.45794994,0.001482645,0.001482645,0.2297163,1,1
2025-12-02,287.3999938964844,282.6300048828125,283.0,286.19000244140625,53669500.0,0.6093216,0.002225956,0.002225956,0.30577376,1,1
2025-12-03,288.6199951171875,283.29998779296875,286.20001220703125,284.1499938964844,43538700.0,0.22612268,0.0030803299,0.0030803299,0.1146015,1,1
2025-12-04,284.7300109863281,278.5899963378906,284.1000061035156,280.70001220703125,43989100.0,0.32244605,0.0014243731,0.0014243731,0.16193521,1,1
2025-12-05,281.1400146484375,278.04998779296875,280.5400085449219,278.7799987792969,47265800.0,0.56770784,0.0055162767,0.0055162767,0.28661206,1,1
2025-12-08,279.6700134277344,276.1499938964844,278.1300048828125,277.8900146484375,38211800.0,0.6920629,-0.00046416372,-0.00046416372,0.3457994,1,1
2025-12-09,280.0299987792969,276.9200134277344,278.1600036621094,277.17999267578125,32193300.0,0.8230006,0.0015717,0.0015717,0.41228616,1,1
2025-12-10,279.75,276.44000244140625,277.75,278.7799987792969,33038300.0,0.6995817,-0.0020444058,-0.0020444058,0.34876862,1,1
2025-12-11,279.5899963378906,273.80999755859375,279.1000061035156,278.0299987792969,33248000.0,0.7180441,-0.0046542957,-0.0046542957,0.3566949,1,1
2025-12-12,279.2200012207031,276.82000732421875,277.8999938964844,278.2799987792969,39532900.0,0.42676938,-0.010334073,-0.010334073,0.20821765,1,1
2025-12-15,280.1499938964844,272.8399963378906,280.1499938964844,274.1099853515625,50409100.0,0.70971495,-0.0076537635,-0.0076537635,0.3510306,1,1
2025-12-16,275.5,271.7900085449219,272.82000732421875,274.6099853515625,37648600.0,0.40291983,-0.018346325,-0.018346325,0.19228676,1,1
2025-12-17,276.1600036621094,271.6400146484375,275.010009765625,271.8399963378906,50138700.0,0.66713667,-0.015409576,-0.015409576,0.32586354,1,1
2025-12-18,273.6300048828125,266.95001220703125,273.6099853515625,272.19000244140625,51630700.0,0.6235048,-0.015238931,-0.015238931,0.30413294,1,1
2025-12-19,274.6000061035156,269.8999938964844,272.1499938964844,273.6700134277344,144632000.0,0.40709633,-0.016689908,-0.016689908,0.19520321,1,1
2025-12-22,273.8800048828125,270.510009765625,272.8599853515625,270.9700012207031,36571800.0,0.5730939,0.0008287979,0.0008287979,0.28696135,1,1
2025-12-23,272.5,269.55999755859375,270.8399963378906,272.3599853515625,29642000.0,0.44500208,-0.0087226685,-0.0087226685,0.2181397,1,1
2025-12-24,275.42999267578125,272.20001220703125,272.3399963378906,273.80999755859375,17910600.0,0.30182642,-0.024928143,-0.024928143,0.13844913,1,1
2025-12-26,275.3699951171875,272.8599853515625,274.1600036621094,273.3999938964844,21521800.0,0.42492193,-0.023472564,-0.023472564,0.20072469,1,1
2025-12-29,274.3599853515625,272.3500061035156,272.69000244140625,273.760009765625,23715200.0,0.23431379,-0.023056364,-0.023056364,0.10562871,1,1
2025-12-30,274.0799865722656,272.2799987792969,272.80999755859375,273.0799865722656,22139600.0,0.34747604,-0.02409481,-0.02409481,0.16169061,1,1
2025-12-31,273.67999267578125,271.75,273.05999755859375,271.8599853515625,27293600.0,0.47937182,0.0064107864,0.0064107864,0.2428913,1,1
